x,y,demand,open,close,servicetime,drone_serve,time,profit,type
100.0,100.0,0.0,0.0,804.0,0.0,1,0.0,4.889014529617754,0.0
55.74963545024409,97.7271848631643,41.456786266670264,0.0,740.0,10.0,0,0.0,5.470813093519496,1.0
45.0,95.0,15.0,0.0,739.0,10.0,0,0.0,4.535346622383377,0.0
178.8763000977754,98.20661659826197,4.756803001835941,0.0,707.0,10.0,0,0.0,3.805175835474529,1.0
149.7094209917239,119.49806200091173,38.15280544102975,0.0,705.0,10.0,0,0.0,11.154126637839727,1.0
36.52643072834801,32.81401280932518,40.21576731544447,0.0,732.0,10.0,1,0.0,9.563045740782554,1.0
55.0,51.0,17.0,0.0,728.0,10.0,0,0.0,12.323986288984699,0.0
176.0,58.0,21.0,0.0,708.0,10.0,0,0.0,1.7786895419295141,0.0
48.0,94.0,15.0,0.0,742.0,10.0,0,0.0,3.6714241604557767,0.0
86.12186699597775,106.268771811425,42.215494966735825,0.0,708.0,10.0,0,0.0,3.5993762163071596,1.0
112.0,42.0,33.0,0.0,735.0,10.0,0,0.0,3.2143295126164,0.0
185.96532760217914,137.88352367546267,15.332051319252779,0.0,726.0,10.0,0,0.0,3.6817721551642903,1.0
171.0,69.0,19.0,0.0,717.0,10.0,0,0.0,3.8878282572138545,0.0
153.0,19.0,3.0,0.0,698.0,10.0,1,0.0,3.9864245522812496,0.0
134.0429156880918,160.52820258857628,44.01907586377085,0.0,705.0,10.0,1,0.0,4.025664083020245,1.0
5.0,122.0,15.0,0.0,697.0,10.0,0,0.0,3.1539465578240415,0.0
144.50343355847738,130.5233280552492,35.09155958419308,0.0,735.0,10.0,0,0.0,9.082432471780734,1.0
159.1390153510279,33.69722963114471,27.025367034741638,0.0,702.0,10.0,0,0.0,2.9930020689235772,1.0
139.0,97.0,4.0,0.0,755.0,10.0,1,0.0,7.85726036342523,0.0
168.0,119.0,14.0,0.0,724.0,10.0,0,0.0,17.618476300459044,0.0
154.26911295079643,48.17615932568788,3.9756215814512252,0.0,733.0,10.0,0,0.0,13.220736255053854,1.0
76.25114708627285,78.70981742512633,14.951711229631806,0.0,720.0,10.0,0,0.0,4.162387729324463,1.0
45.41899309612566,19.585432591727628,37.47409871742846,0.0,700.0,10.0,0,0.0,3.190747943581985,1.0
126.88803943051212,17.84307512119978,23.469038344067133,0.0,750.0,10.0,0,0.0,10.682826070673212,1.0
99.74375641425453,148.5716550321087,25.415948085313815,0.0,705.0,10.0,0,0.0,3.7510329292721645,1.0
82.04953846207982,141.1359505610313,19.165018592975347,0.0,707.0,10.0,0,0.0,1.6563302139166374,1.0
149.00327219683925,190.88630933831817,36.61146571336447,0.0,689.0,10.0,1,0.0,3.309871814918669,1.0
196.0,126.0,6.0,0.0,695.0,10.0,1,0.0,2.483331935257115,0.0
71.24280422625382,25.26763337512355,0.8323069727440817,0.0,682.0,10.0,0,0.0,6.958483944140679,1.0
77.45911374219499,107.02631358856046,44.934719235140804,0.0,774.0,10.0,0,0.0,5.354979555052351,1.0
70.66838293812661,166.88825925799156,3.837745001111868,0.0,692.0,10.0,1,0.0,3.072651659176927,1.0
145.0,19.0,20.0,0.0,702.0,10.0,0,0.0,8.074809022200112,0.0
150.0,26.0,16.0,0.0,705.0,10.0,0,0.0,6.04987822623241,0.0
18.0,35.0,24.0,0.0,690.0,10.0,0,0.0,4.383289723600325,0.0
156.42953255870057,34.44610594579383,9.883596486048551,0.0,741.0,10.0,0,0.0,3.283906779573635,1.0
191.43920619803473,39.73681508112134,20.862972033058256,0.0,700.0,10.0,0,0.0,5.648368954262638,1.0
24.0,131.0,31.0,0.0,712.0,10.0,0,0.0,4.065139391443247,0.0
166.08447961899753,19.809914305986158,17.733554796331024,0.0,702.0,10.0,0,0.0,2.781875139542143,1.0
89.61916220639652,74.6348835983177,6.380910233646436,0.0,688.0,10.0,0,0.0,3.829040961132394,1.0
46.0,22.0,10.0,0.0,700.0,10.0,1,0.0,11.312279069898935,0.0
42.0,144.0,30.0,0.0,722.0,10.0,0,0.0,3.4547762130849153,0.0
141.48575713556434,172.76649722295835,37.5590570569733,0.0,688.0,10.0,0,0.0,2.7027466977541788,1.0
108.0,187.0,22.0,0.0,707.0,10.0,0,0.0,3.64821633483138,0.0
145.31012546618314,184.62902484101517,39.79183517459049,0.0,769.0,10.0,0,0.0,2.0371207960788107,1.0
32.875140441574075,17.06464385136119,13.344161937319496,0.0,696.0,10.0,0,0.0,4.15701034599943,1.0
24.060660423883974,61.81147840697141,4.478020789862301,0.0,708.0,10.0,0,0.0,8.189930009191746,1.0
97.87592621559415,92.9683464017373,0.7478751179001843,0.0,703.0,10.0,0,0.0,5.910715595153393,1.0
116.99010717177872,115.59875514541235,9.395148634301371,0.0,695.0,10.0,0,0.0,2.8065817302645586,1.0
85.0,85.0,14.0,0.0,773.0,10.0,0,0.0,3.82390224371301,0.0
15.0,197.0,10.0,0.0,666.0,10.0,1,0.0,13.448495092679606,0.0
66.0,196.0,23.0,0.0,693.0,10.0,0,0.0,6.256131399381584,0.0
110.0,184.0,10.0,0.0,710.0,10.0,1,0.0,5.004053269169737,0.0
199.1796191442206,193.3340095896722,17.31559523104009,0.0,741.0,10.0,1,0.0,20.16239109604413,1.0
181.4956960719074,84.8790015331222,27.119380610131195,0.0,707.0,10.0,0,0.0,6.879215773778344,1.0
185.79277819814226,123.98224066099989,12.500282773322025,0.0,700.0,10.0,0,0.0,10.32805492386313,1.0
73.0879921144984,108.86660872512736,3.404744490577574,0.0,687.0,10.0,0,0.0,6.297597139747472,1.0
181.0,39.0,11.0,0.0,693.0,10.0,0,0.0,10.308261388094635,0.0
48.002020690219474,139.2600307612245,12.291198263835177,0.0,728.0,10.0,0,0.0,5.5181806329467245,1.0
171.0,36.0,6.0,0.0,699.0,10.0,1,0.0,9.466645560229125,0.0
158.0,132.0,12.0,0.0,728.0,10.0,0,0.0,4.457501879937603,0.0
124.0,191.0,24.0,0.0,700.0,10.0,0,0.0,7.119834065616825,0.0
166.701121245014,21.573280554343636,2.5171072722121863,0.0,702.0,10.0,0,0.0,1.3724714778811262,1.0
40.0,95.0,25.0,0.0,734.0,10.0,0,0.0,4.3065175969068274,0.0
123.0,90.0,21.0,0.0,769.0,10.0,0,0.0,9.08613084433927,0.0
6.987798830945889,125.00407472360453,24.397982191446367,0.0,749.0,10.0,0,0.0,4.94025074808077,1.0
56.515599391336785,72.89601796863157,34.27194300892248,0.0,753.0,10.0,0,0.0,3.9465082125303264,1.0
43.18022435284738,58.08677955781547,47.641518415593254,0.0,782.0,10.0,0,0.0,5.069033722959592,1.0
173.8868989377999,175.4745869303851,33.854665793427124,0.0,759.0,10.0,1,0.0,8.233456103517433,1.0
41.06032820386395,90.76475088698012,20.26000346112538,0.0,736.0,10.0,0,0.0,4.133124680026432,1.0
115.91274019352265,30.638089337843713,8.800159229516629,0.0,698.0,10.0,0,0.0,13.046307010797847,1.0
48.94503919018721,55.323115212466526,47.4182790703099,0.0,777.0,10.0,1,0.0,4.1886680203052045,1.0
96.41404450520677,32.85600510993578,15.919082113261506,0.0,743.0,10.0,1,0.0,6.409604276225647,1.0
6.0,193.0,13.0,0.0,662.0,10.0,0,0.0,8.705868947105591,0.0
170.0489999910034,40.6954513314691,8.893169647839581,0.0,737.0,10.0,0,0.0,4.128908626716614,1.0
45.0,55.0,11.0,0.0,723.0,10.0,0,0.0,15.688611671892929,0.0
109.34631243583024,141.2894843756724,24.03189520043567,0.0,768.0,10.0,0,0.0,5.67327773162695,1.0
178.0,88.0,23.0,0.0,716.0,10.0,0,0.0,5.592856918813435,0.0
27.958984911450518,134.87801108999662,14.688597918905216,0.0,713.0,10.0,0,0.0,6.4814540622948265,1.0
80.0,167.0,10.0,0.0,725.0,10.0,1,0.0,2.139451951589534,0.0
112.76303476882656,91.26401438180699,20.76031431039021,0.0,671.0,10.0,1,0.0,9.118827504477679,1.0
12.0,131.0,28.0,0.0,701.0,10.0,0,0.0,10.190972720562335,0.0
23.0,168.0,13.0,0.0,692.0,10.0,0,0.0,3.9834028789841858,0.0
84.34847115675186,17.680437743532366,12.645417486372805,0.0,727.0,10.0,0,0.0,3.7314707911353975,1.0
56.12976648946159,34.23113255980394,3.6525706244819567,0.0,702.0,10.0,1,0.0,2.61054361696476,1.0
90.0,4.0,22.0,0.0,698.0,10.0,0,0.0,9.709594408702964,0.0
19.651910174207188,27.57220234912239,26.42968224880082,0.0,770.0,10.0,0,0.0,5.808336814454374,1.0
138.0,72.0,8.0,0.0,747.0,10.0,1,0.0,4.416757444134708,0.0
68.0,115.0,20.0,0.0,759.0,10.0,0,0.0,2.307845266374956,0.0
84.0,81.0,11.0,0.0,770.0,10.0,0,0.0,1.2559125506475746,0.0
104.0,142.0,24.0,0.0,752.0,10.0,0,0.0,3.4414041544387155,0.0
104.0,5.0,26.0,0.0,699.0,10.0,0,0.0,6.72683327768604,0.0
37.0,146.0,10.0,0.0,716.0,10.0,1,0.0,2.728604439430546,0.0
17.0,32.0,16.0,0.0,687.0,10.0,0,0.0,3.565951067070035,0.0
86.0,69.0,14.0,0.0,760.0,10.0,0,0.0,10.305862059088717,0.0
142.69222091496462,94.63125260058102,25.63400732230093,0.0,750.0,10.0,0,0.0,3.577462826978063,1.0
101.57107364121585,14.129225580481496,8.921877682166363,0.0,771.0,10.0,0,0.0,5.677346396258135,1.0
49.0,71.0,36.0,0.0,736.0,10.0,0,0.0,5.939258473034178,0.0
8.859923297329356,89.85545222208746,5.81671382295014,0.0,702.0,10.0,0,0.0,1.444346094838161,1.0
32.65956295904725,61.66073234996901,20.645791135681556,0.0,737.0,10.0,1,0.0,1.6602661824409444,1.0
141.0,146.0,15.0,0.0,733.0,10.0,0,0.0,12.172368071884403,0.0
113.0,100.0,5.0,0.0,781.0,10.0,1,0.0,2.122397251213537,0.0
180.393710329489,183.06818445173647,33.86287373475441,0.0,710.0,10.0,0,0.0,11.222403793933745,1.0
82.0,48.0,8.0,0.0,739.0,10.0,1,0.0,13.81511857980901,0.0
57.0,157.0,26.0,0.0,723.0,10.0,0,0.0,3.5481894394556783,0.0
107.37976647086936,197.43554921289575,12.578327082178593,0.0,744.0,10.0,0,0.0,1.38822609883549,1.0
181.0,70.0,25.0,0.0,708.0,10.0,0,0.0,5.847194434865624,0.0
36.23885787251769,153.70027389993652,1.6819352538102397,0.0,733.0,10.0,0,0.0,4.702951025186605,1.0
41.0,43.0,30.0,0.0,712.0,10.0,0,0.0,7.717264822331964,0.0
104.0,176.0,19.0,0.0,718.0,10.0,0,0.0,11.492659399049986,0.0
181.76445972366187,49.21542965622081,9.186302491755466,0.0,701.0,10.0,1,0.0,9.685267567733483,1.0
3.7230103791764773,181.86828036366882,19.61125372343283,0.0,705.0,10.0,0,0.0,10.245582170499029,1.0
70.0,130.0,8.0,0.0,752.0,10.0,1,0.0,1.6251615089722855,0.0
176.2933277275402,147.96194684044139,20.423642676014232,0.0,682.0,10.0,0,0.0,3.660915151412016,1.0
127.0,39.0,13.0,0.0,728.0,10.0,0,0.0,4.939569528337407,0.0
18.658817399950408,79.92416635110261,14.470675476827408,0.0,752.0,10.0,0,0.0,5.933906521709038,1.0
197.0,29.0,16.0,0.0,674.0,10.0,0,0.0,19.51102836854904,0.0
138.0,31.0,10.0,0.0,716.0,10.0,1,0.0,4.116994692317629,0.0
160.92755439369978,20.191110474766354,15.666031559856007,0.0,745.0,10.0,1,0.0,3.768697033316757,1.0
25.0,48.0,11.0,0.0,703.0,10.0,0,0.0,3.5607609823373663,0.0
126.0,199.0,18.0,0.0,692.0,10.0,0,0.0,6.585037281813271,0.0
86.3580228338099,50.17341296719681,27.241824655919324,0.0,708.0,10.0,0,0.0,3.5002581472467997,1.0
83.08470465244687,142.06256867229507,1.147360825219133,0.0,666.0,10.0,1,0.0,1.0691988999961837,1.0
63.0,192.0,12.0,0.0,695.0,10.0,0,0.0,4.3956940940691425,0.0
105.76542265266976,125.92053296288796,26.881415325172995,0.0,725.0,10.0,0,0.0,3.8211647403513687,1.0
63.0,151.0,22.0,0.0,731.0,10.0,0,0.0,1.8231921052160116,0.0
32.22413929579808,131.66315513759488,42.29732706297238,0.0,687.0,10.0,0,0.0,4.760329633438354,1.0
51.0,162.0,20.0,0.0,715.0,10.0,0,0.0,9.615483007240485,0.0
195.1861721595117,52.79378791052335,43.587798985517246,0.0,786.0,10.0,0,0.0,9.252998820763862,1.0
46.0,5.0,8.0,0.0,685.0,10.0,1,0.0,7.763419445064982,0.0
104.70453724805343,8.80215257061756,8.788288146433127,0.0,712.0,10.0,0,0.0,3.9220612156530734,1.0
41.0,16.0,6.0,0.0,692.0,10.0,1,0.0,6.304354966334637,0.0
165.40940918349872,94.9324427016719,44.93966264185312,0.0,750.0,10.0,0,0.0,5.381925157574555,1.0
142.42483664834182,169.22686430119256,37.17518744413468,0.0,705.0,10.0,0,0.0,5.076903213143352,1.0
98.19265897120658,69.6174444242346,5.516424587932919,0.0,660.0,10.0,0,0.0,6.449320411219235,1.0
157.11665219437626,179.31091072334786,39.01008613289892,0.0,721.0,10.0,0,0.0,5.198497417307738,1.0
60.98224032697927,172.83617939420526,39.643101284120895,0.0,694.0,10.0,1,0.0,7.419949064963353,1.0
40.67142911790184,131.22311512577974,31.690399572166726,0.0,735.0,10.0,0,0.0,5.793451658150049,1.0
172.73338555644028,43.111493007292744,9.609243566053404,0.0,700.0,10.0,0,0.0,1.0422136103893944,1.0
8.0,89.0,13.0,0.0,702.0,10.0,0,0.0,12.53431683318318,0.0
151.0,132.0,6.0,0.0,734.0,10.0,1,0.0,10.448997085515394,0.0
162.20103232768398,15.239229181314977,41.524291536388816,0.0,729.0,10.0,0,0.0,6.6356906000805935,1.0
71.0,114.0,25.0,0.0,762.0,10.0,0,0.0,3.566906665249486,0.0
198.94679504850345,145.20181255898473,12.681692741900271,0.0,700.0,10.0,0,0.0,9.401004832120105,1.0
31.0,79.0,19.0,0.0,722.0,10.0,0,0.0,3.8800278706569338,0.0
99.0,45.0,21.0,0.0,739.0,10.0,0,0.0,9.259248644356774,0.0
120.64344352704798,125.00423892352833,43.39264633625222,0.0,697.0,10.0,0,0.0,8.301106118006459,1.0
194.84602319507292,116.3143913950077,2.4078897933497796,0.0,700.0,10.0,1,0.0,9.001974405125857,1.0
190.654911616382,59.18904706145697,24.735662226889502,0.0,729.0,10.0,1,0.0,3.7464614245218795,1.0
90.0,174.0,18.0,0.0,720.0,10.0,0,0.0,2.6593947212650617,0.0
114.0,122.0,10.0,0.0,768.0,10.0,1,0.0,3.160228815593804,0.0
41.0,73.0,21.0,0.0,730.0,10.0,0,0.0,1.3362380116520434,0.0
149.0,103.0,17.0,0.0,745.0,10.0,0,0.0,5.697017371765897,0.0
179.86554273820937,195.25679853925695,24.179466961504392,0.0,790.0,10.0,1,0.0,5.649908877354058,1.0
107.0,133.0,22.0,0.0,761.0,10.0,0,0.0,6.108108957642013,0.0
95.0,50.0,25.0,0.0,744.0,10.0,0,0.0,8.408834548963519,0.0
114.0,183.0,35.0,0.0,710.0,10.0,0,0.0,4.066791262791147,0.0
142.0,27.0,11.0,0.0,710.0,10.0,0,0.0,6.598149569585382,0.0
200.0,162.0,24.0,0.0,677.0,10.0,0,0.0,23.941797367088,0.0
88.00498848572465,95.09595796911734,18.98247918413514,0.0,739.0,10.0,1,0.0,8.45164662442256,1.0
62.0,152.0,19.0,0.0,730.0,10.0,0,0.0,1.0058429470090684,0.0
148.0,38.0,6.0,0.0,716.0,10.0,1,0.0,7.700403205063663,0.0
90.61774654925546,173.71587140615696,31.257127774903086,0.0,692.0,10.0,0,0.0,0.9695014359911551,1.0
29.649792442710673,75.26562707168496,27.782242212231097,0.0,741.0,10.0,0,0.0,3.2544919910837335,1.0
145.0,71.0,10.0,0.0,741.0,10.0,1,0.0,7.000196351539247,0.0
32.0,23.0,10.0,0.0,692.0,10.0,1,0.0,12.838910409061796,0.0
42.0,72.0,18.0,0.0,730.0,10.0,0,0.0,1.3540294476162267,0.0
129.60133623205766,133.36376757060788,7.160312596021628,0.0,698.0,10.0,1,0.0,5.914312314195746,1.0
23.34827361614063,183.13181666347313,24.653710751384605,0.0,686.0,10.0,0,0.0,5.081689362240836,1.0
106.21258018749658,29.77116903304239,6.56835265062222,0.0,758.0,10.0,1,0.0,2.960860252671414,1.0
66.0,98.0,2.0,0.0,760.0,10.0,1,0.0,15.855515564120095,0.0
55.70867539212739,173.5430034145527,4.661025718913265,0.0,748.0,10.0,0,0.0,3.6844601665462906,1.0
125.0,53.0,24.0,0.0,741.0,10.0,0,0.0,5.09462174488653,0.0
115.0,50.0,14.0,0.0,742.0,10.0,0,0.0,2.683849472928305,0.0
97.0,9.0,13.0,0.0,703.0,10.0,0,0.0,9.832774930205481,0.0
63.0,116.0,21.0,0.0,754.0,10.0,0,0.0,4.6183392634050895,0.0
164.01064315526395,191.2897183774898,47.63913831596726,0.0,738.0,10.0,0,0.0,8.590768473178306,1.0
77.7160616034923,122.36369532516433,3.797313841793251,0.0,775.0,10.0,0,0.0,2.7009833313673925,1.0
59.0,139.0,26.0,0.0,738.0,10.0,0,0.0,3.0755161933298134,0.0
171.66880571985766,100.69401102847627,36.608674317931396,0.0,700.0,10.0,0,0.0,8.828999249045834,1.0
123.0,59.0,18.0,0.0,747.0,10.0,0,0.0,1.3165342792423231,0.0
5.0,162.0,26.0,0.0,681.0,10.0,0,0.0,16.842374147928066,0.0
147.0,193.0,29.0,0.0,690.0,10.0,0,0.0,2.2590441546966593,0.0
186.0,149.0,25.0,0.0,696.0,10.0,0,0.0,7.9102545993453415,0.0
122.0,58.0,15.0,0.0,747.0,10.0,0,0.0,1.995990467262352,0.0
135.0,45.0,7.0,0.0,729.0,10.0,1,0.0,4.52576562347349,0.0
125.0,49.0,17.0,0.0,738.0,10.0,0,0.0,3.750309881421506,0.0
173.0,42.0,3.0,0.0,701.0,10.0,1,0.0,7.290800393268665,0.0
148.70135986383698,82.95662166769678,15.056687967867271,0.0,688.0,10.0,1,0.0,6.876977649626726,1.0
141.62759427283171,143.70124843253197,4.741009266979548,0.0,714.0,10.0,0,0.0,2.1216365593639916,1.0
94.64909907695566,190.8407357358182,20.39019474096424,0.0,672.0,10.0,0,0.0,6.123235057347113,1.0
81.2538621767648,100.31365156218907,47.521208119887774,0.0,674.0,10.0,0,0.0,6.945265675040506,1.0
13.893420619034861,198.14689119686156,35.926215025140436,0.0,680.0,10.0,0,0.0,1.2425132740968774,1.0
10.492582732011712,101.52813146242629,36.74141047978961,0.0,743.0,10.0,0,0.0,9.062754358605774,1.0
172.0,55.0,11.0,0.0,710.0,10.0,0,0.0,5.4885009924758705,0.0
151.71223402653922,61.768761825723836,13.945470661409265,0.0,697.0,10.0,0,0.0,4.357529889725605,1.0
25.713486139384113,160.9448423953142,25.145516503852306,0.0,747.0,10.0,0,0.0,2.3093313608874677,1.0
34.95673624140243,158.6863249063045,36.574459419333984,0.0,747.0,10.0,0,0.0,5.790635771766414,1.0
130.63302690001734,87.4169665932039,29.979159874740176,0.0,729.0,10.0,1,0.0,11.115867012443163,1.0
147.0754200183562,184.90368907802647,32.55975383029738,0.0,763.0,10.0,0,0.0,1.734470085771295,1.0
12.276408483069941,190.5546613003822,37.87094686810205,0.0,683.0,10.0,0,0.0,5.874667756694903,1.0
9.177996181078681,41.227629627312076,16.341411043111588,0.0,671.0,10.0,0,0.0,9.063338305204784,1.0
120.97836054100374,47.59939086570748,1.2374876924289993,0.0,700.0,10.0,0,0.0,0.5533735484948406,1.0
79.21167973180167,133.82927211619963,4.056929079365576,0.0,730.0,10.0,0,0.0,2.207120645130865,1.0
124.0,165.0,24.0,0.0,725.0,10.0,0,0.0,14.781090192098826,0.0
198.0,97.0,14.0,0.0,696.0,10.0,0,0.0,21.06188111827508,0.0
87.86391364763254,69.92025540081767,25.259491470440892,0.0,712.0,10.0,0,0.0,2.670997646825125,1.0
121.0,50.0,24.0,0.0,740.0,10.0,0,0.0,2.5606372286541306,0.0
92.0,178.0,26.0,0.0,716.0,10.0,0,0.0,3.5556431217049624,0.0
37.22559524465771,58.5913414347189,45.866162145050325,0.0,705.0,10.0,0,0.0,4.936819572091351,1.0
104.07560284760699,186.76501414352197,12.636757891320102,0.0,739.0,10.0,0,0.0,5.10879427791163,1.0
144.0,59.0,18.0,0.0,734.0,10.0,0,0.0,1.8414539511093566,0.0
28.0,127.0,24.0,0.0,718.0,10.0,0,0.0,5.054348107283611,0.0
34.0,145.0,21.0,0.0,715.0,10.0,0,0.0,2.9242635488342117,0.0
50.0,135.0,8.0,0.0,733.0,10.0,1,0.0,8.283780074552038,0.0
105.0,26.0,24.0,0.0,720.0,10.0,0,0.0,1.9937412010000555,0.0
169.51584163968988,4.283355217814062,0.7914196623556151,0.0,716.0,10.0,0,0.0,11.883870266989973,1.0
184.35999500802106,108.16249656916936,27.1772813072288,0.0,696.0,10.0,0,0.0,2.184176246785819,1.0
74.63386301589252,179.10577857893009,39.980444618997666,0.0,700.0,10.0,1,0.0,4.363627590477698,1.0
51.0,112.0,13.0,0.0,744.0,10.0,0,0.0,5.682144221462269,0.0
73.0,81.0,19.0,0.0,761.0,10.0,0,0.0,7.090143564242212,0.0
80.62781837219617,30.561234361925585,35.02926030732648,0.0,749.0,10.0,1,0.0,12.265407215674788,1.0
174.98369697204586,137.70633519707042,6.0554219774574225,0.0,735.0,10.0,0,0.0,3.0417263313234164,1.0
76.0,93.0,7.0,0.0,769.0,10.0,1,0.0,10.84413513678107,0.0
40.0,115.0,41.0,0.0,733.0,10.0,0,0.0,2.8291058342036166,0.0
28.360719698717975,190.83748266048454,14.948066551466962,0.0,752.0,10.0,0,0.0,5.20039557216043,1.0
93.68581863883543,25.99194060480486,43.42880798261567,0.0,720.0,10.0,0,0.0,9.940159806054986,1.0
68.0,40.0,23.0,0.0,726.0,10.0,0,0.0,4.9838049331273115,0.0
23.0,74.0,21.0,0.0,713.0,10.0,0,0.0,2.526060802562779,0.0
4.722941328222895,57.78902220871846,0.2786430117575236,0.0,729.0,10.0,0,0.0,7.727283082170351,1.0
10.938639685347319,176.27576935619038,36.28981190283034,0.0,763.0,10.0,0,0.0,5.259931032011616,1.0
69.0,64.0,48.0,0.0,747.0,10.0,0,0.0,7.146770015386125,0.0
153.37455804374852,84.05704546527784,41.25518387408944,0.0,709.0,10.0,0,0.0,7.158683847925547,1.0
103.84685956644104,37.99090775193197,12.184693835585723,0.0,702.0,10.0,1,0.0,11.009156945403197,1.0
75.0,134.0,16.0,0.0,752.0,10.0,0,0.0,4.999638114547659,0.0
192.06772946040505,126.97440154719757,33.45398923089917,0.0,742.0,10.0,0,0.0,3.52960600278871,1.0
188.39657828151576,137.36525384326953,41.719193768118004,0.0,664.0,10.0,0,0.0,2.655084504593699,1.0
12.0,113.0,2.0,0.0,706.0,10.0,1,0.0,6.987574807207652,0.0
41.0,186.0,27.0,0.0,690.0,10.0,0,0.0,2.990650895413905,0.0
23.093176836871663,105.91462881167122,2.2167864181567722,0.0,722.0,10.0,0,0.0,10.197472137611484,1.0
161.0,158.0,24.0,0.0,710.0,10.0,0,0.0,5.647343094895707,0.0
28.43574613744064,34.49139225828748,8.755692768312917,0.0,733.0,10.0,1,0.0,11.222172138858866,1.0
67.39450778939674,41.9386600438719,18.24156433250615,0.0,771.0,10.0,1,0.0,1.9086545361739455,1.0
136.0,111.0,19.0,0.0,757.0,10.0,0,0.0,1.804448364196019,0.0
47.8517220147819,30.14494790966331,46.4655778878327,0.0,665.0,10.0,0,0.0,5.654295253555537,1.0
109.04871782794129,130.1193977291697,46.17844564641816,0.0,727.0,10.0,0,0.0,4.878055808825657,1.0
6.856291343004635,91.30059834800774,23.454828609377607,0.0,711.0,10.0,0,0.0,2.5678031724264323,1.0
179.0,151.0,20.0,0.0,700.0,10.0,0,0.0,4.092846529068382,0.0
125.0,78.0,11.0,0.0,761.0,10.0,0,0.0,10.569219446803494,0.0
114.0,112.0,17.0,0.0,776.0,10.0,0,0.0,5.284583157312538,0.0
23.343683866714212,120.98605286968292,43.70938179027594,0.0,701.0,10.0,0,0.0,9.354031058363706,1.0
175.20365639670578,189.38217027438904,27.16077352006293,0.0,766.0,10.0,0,0.0,4.574450347218699,1.0
116.0,4.0,13.0,0.0,697.0,10.0,0,0.0,3.9793491553705067,0.0
99.45512587629676,7.2797081591661925,16.937072539433277,0.0,725.0,10.0,0,0.0,3.557611730342968,1.0
21.305837364050067,73.32584541821178,41.52074195225616,0.0,691.0,10.0,1,0.0,2.3432440870215476,1.0
7.0,108.0,32.0,0.0,701.0,10.0,0,0.0,9.58812245887146,0.0
83.50245322112637,187.75104256831852,27.613818833556437,0.0,712.0,10.0,0,0.0,3.709491707530103,1.0
142.00247396272349,74.3095214309915,5.699161574800078,0.0,696.0,10.0,1,0.0,4.39808139358775,1.0
172.0,66.0,23.0,0.0,715.0,10.0,0,0.0,3.5224819195481754,0.0
109.0,197.0,15.0,0.0,697.0,10.0,0,0.0,6.561779667396277,0.0
72.0409861634415,186.51039400479027,38.9239737133492,0.0,706.0,10.0,0,0.0,4.679380428575206,1.0
54.850533078031965,31.34381913591013,29.53728790661752,0.0,783.0,10.0,0,0.0,2.624732599296189,1.0
54.0,37.0,21.0,0.0,716.0,10.0,0,0.0,6.655480443770495,0.0
58.789159496664055,186.95829829302656,38.93368322563773,0.0,700.0,10.0,0,0.0,7.637849624074788,1.0
116.0,118.0,12.0,0.0,770.0,10.0,0,0.0,2.0306746876996495,0.0
75.0,173.0,30.0,0.0,717.0,10.0,0,0.0,3.7661282903968925,0.0
63.367630052885595,98.25795412491273,38.227881330424864,0.0,751.0,10.0,0,0.0,3.767452329106855,1.0
188.0,70.0,13.0,0.0,702.0,10.0,0,0.0,7.0481864835021,0.0
1.7190724828817125,24.564338216016214,31.097984781518857,0.0,714.0,10.0,0,0.0,12.907072962185039,1.0
136.62533154469432,104.01450853320969,15.584757609939274,0.0,691.0,10.0,1,0.0,5.514373506872061,1.0
191.8402396206232,135.13564573044246,33.098573068730005,0.0,719.0,10.0,0,0.0,5.315463330560753,1.0
69.28061134658675,118.82981072287468,6.291155037842637,0.0,749.0,10.0,0,0.0,3.572276358910061,1.0
74.04015991825065,159.45353780790043,3.0738988892956414,0.0,709.0,10.0,0,0.0,10.10839559069138,1.0
71.92035758700538,71.46189962308632,24.532831046843917,0.0,685.0,10.0,0,0.0,4.792548881980453,1.0
169.72355636864458,54.23480849136234,30.54607510317451,0.0,728.0,10.0,0,0.0,2.928486374260605,1.0
52.05497410140278,134.00474273752624,8.491643230941051,0.0,712.0,10.0,1,0.0,3.260948536006887,1.0
56.82623695671445,169.72424028986683,40.75079318432235,0.0,695.0,10.0,0,0.0,3.92272119696245,1.0
87.2363953639688,53.791415339452094,46.820971560456954,0.0,757.0,10.0,0,0.0,4.936117464523703,1.0
1.0,149.0,35.0,0.0,684.0,10.0,0,0.0,11.76100867778609,0.0
199.0,123.0,20.0,0.0,693.0,10.0,0,0.0,6.003422948586495,0.0
120.0,39.0,31.0,0.0,730.0,10.0,0,0.0,2.2188205036604476,0.0
109.0,45.0,14.0,0.0,739.0,10.0,0,0.0,4.00633966974333,0.0
114.0,153.0,23.0,0.0,740.0,10.0,0,0.0,1.8151237205619815,0.0
2.426302120187823,86.32537677970406,47.8284671775871,0.0,762.0,10.0,0,0.0,7.242487046623204,1.0
10.582305645304025,47.8035604314177,38.86223838061421,0.0,726.0,10.0,1,0.0,6.870807379920372,1.0
154.53518653853675,59.51111128609457,39.29206480544849,0.0,753.0,10.0,0,0.0,2.7501741300420877,1.0
49.0,99.0,32.0,0.0,743.0,10.0,0,0.0,4.405074351293402,0.0
73.64956933860681,17.82200434445451,15.541204254574305,0.0,706.0,10.0,0,0.0,8.12350340885571,1.0
48.0,106.0,23.0,0.0,742.0,10.0,0,0.0,9.156798823489584,0.0
101.0,127.0,31.0,0.0,767.0,10.0,0,0.0,3.1336731143736585,0.0
191.83787169222896,139.1050457136978,41.42925905000236,0.0,741.0,10.0,1,0.0,2.8922894262767764,1.0
69.00820938486764,58.10158351010095,32.31117689674445,0.0,722.0,10.0,1,0.0,5.451603443646408,1.0
61.172028120955424,17.788632830979928,26.50921213592668,0.0,724.0,10.0,0,0.0,2.074575430101156,1.0
75.0,170.0,17.0,0.0,720.0,10.0,0,0.0,2.1355240070069947,0.0
22.70502250142585,11.785056078326448,38.853321019130824,0.0,738.0,10.0,0,0.0,7.401446185285603,1.0
45.0,142.0,15.0,0.0,725.0,10.0,0,0.0,3.8278584826871334,0.0
29.613717904439422,197.41173764983338,0.966081505158817,0.0,713.0,10.0,0,0.0,2.7488231551176847,1.0
7.096422262281178,65.85738970347805,31.687146197944514,0.0,739.0,10.0,0,0.0,9.02061625867842,1.0
89.1962100549666,8.68838981761156,10.554470314643877,0.0,732.0,10.0,0,0.0,4.16363319869554,1.0
190.519107540033,159.5844592282404,34.43067141455296,0.0,701.0,10.0,0,0.0,8.437883489504038,1.0
88.0,15.0,22.0,0.0,709.0,10.0,0,0.0,14.740779151481195,0.0
28.0,160.0,27.0,0.0,701.0,10.0,0,0.0,6.5828113244132025,0.0
176.85489860845053,37.297706757810445,45.512549201767335,173.0,183.0,10.0,0,2.28,5.251955184636269,1.0
155.0,22.0,24.0,137.0,147.0,10.0,0,2.6,3.214027988071154,0.0
186.86658838022953,56.32507335255816,15.131068341611186,54.0,64.0,10.0,0,3.96,4.209833265849227,1.0
125.0,180.0,1.0,90.0,100.0,10.0,1,5.12,5.083757799595538,0.0
103.0,25.0,2.0,80.0,90.0,10.0,1,10.89,3.1024416634348517,0.0
54.29599494395473,94.06296110460795,23.52591990940325,49.0,59.0,10.0,0,11.21,4.043380221889322,1.0
115.0,75.0,26.0,29.0,39.0,10.0,0,17.46,2.7181415908813755,0.0
70.0,37.0,10.0,69.0,79.0,10.0,1,22.76,2.855238525149136,0.0
136.23152543011383,133.16657629198227,30.86983661244203,73.0,83.0,10.0,0,27.67,8.705388927239852,1.0
111.8747097187532,123.30367576752474,25.96399839252212,90.0,100.0,10.0,0,28.52,2.7719179220760606,1.0
178.26134747375679,164.31698551519997,25.827870428395258,48.0,58.0,10.0,0,31.27,15.429538521265773,1.0
127.0,60.0,23.0,138.0,148.0,10.0,0,32.84,4.383156057642324,0.0
67.0,127.0,21.0,42.0,52.0,10.0,0,33.75,4.411304976698448,0.0
76.8137029465752,135.28674887431288,46.160447840259195,89.0,99.0,10.0,0,38.24,1.1852065584609919,1.0
112.0,174.0,20.0,80.0,90.0,10.0,0,38.93,8.992566406359721,0.0
62.44313020497896,51.95877445557251,30.303848325151677,90.0,100.0,10.0,0,44.46,8.837922750027213,1.0
136.0,12.0,21.0,134.0,144.0,10.0,0,44.52,2.6535509280781655,0.0
112.0,78.0,34.0,58.0,68.0,10.0,0,45.41,3.4161933814911656,0.0
150.4764526262982,129.40070689941922,47.016210264096514,97.0,107.0,10.0,0,50.61,2.897564340832883,1.0
39.94276530363188,126.20971091814876,9.7496157397967,71.0,81.0,10.0,1,51.49,4.289927917074757,1.0
13.54084054224143,180.1135598814115,23.898493020572133,122.0,132.0,10.0,0,51.83,4.957250260686215,1.0
135.63282110128085,171.25406702133648,39.47262890525623,122.0,132.0,10.0,0,56.24,4.352914642370562,1.0
62.0,15.0,29.0,99.0,109.0,10.0,0,67.42,5.71470492159995,0.0
58.45288852117515,87.8733591229287,12.107418098653818,237.0,247.0,10.0,0,68.65,2.7573089122930794,1.0
118.09535444548354,78.34312601737862,29.524741957162124,148.0,158.0,10.0,1,73.64,4.75615112850132,1.0
15.085990638070287,117.51046842065266,4.412703807609839,255.0,265.0,10.0,0,79.1,4.858765696031071,1.0
60.0,71.0,22.0,254.0,264.0,10.0,0,81.72,5.506840359889744,0.0
178.28009236580868,117.2551446913924,9.927532500685954,145.0,155.0,10.0,1,88.23,10.063990950194956,1.0
20.0,72.0,21.0,261.0,271.0,10.0,0,96.03,5.306417905823919,0.0
98.17889591436365,151.10803541707386,19.090190805270737,103.0,113.0,10.0,0,100.02,4.393860456810326,1.0
74.54113604310962,166.58476374869045,6.382232371586136,248.0,258.0,10.0,1,105.25,5.0745349899947865,1.0
100.0,144.0,17.0,259.0,269.0,10.0,0,106.23,3.4738014742333836,0.0
125.0,34.0,14.0,282.0,292.0,10.0,0,111.92,3.6541393852961606,0.0
90.47192618815706,71.10987510605483,0.2571797847205932,122.0,132.0,10.0,0,117.54,4.211453430272812,1.0
135.2213209900713,21.617477152416242,47.55991159994727,280.0,290.0,10.0,1,122.13,8.524790082386081,1.0
29.94096483365953,113.96918654846581,41.657511295183475,212.0,222.0,10.0,0,122.27,12.697332849238872,1.0
65.66340009907837,93.30090727479298,41.74517724734826,198.0,208.0,10.0,1,128.02,5.548248521739525,1.0
182.0,110.0,15.0,173.0,183.0,10.0,0,131.15,2.6820748978408457,0.0
78.0,136.0,31.0,302.0,312.0,10.0,0,137.57,3.4181130401620403,0.0
87.67948896539555,187.0177310993412,22.15103802043708,322.0,332.0,10.0,0,149.25,3.6498928793424597,1.0
184.0,110.0,23.0,191.0,201.0,10.0,0,150.17,1.8501791777173615,0.0
143.0,179.0,24.0,281.0,291.0,10.0,0,153.15,9.363503640961888,0.0
45.30006014411756,73.9275472994449,43.77911539947565,302.0,312.0,10.0,0,153.56,4.643557247637026,1.0
58.748341427458584,89.75756051770688,25.165614174355145,180.0,190.0,10.0,0,161.24,2.7974785690554658,1.0
186.0,8.0,31.0,334.0,344.0,10.0,0,166.78,4.497407623779821,0.0
28.0,15.0,18.0,342.0,352.0,10.0,0,171.35,11.868341432710633,0.0
44.694986975270076,13.160947270934962,31.68719783424889,214.0,224.0,10.0,0,176.31,3.4884266621266335,1.0
74.0,67.0,2.0,335.0,345.0,10.0,1,177.7,7.192352240151637,0.0
58.0,19.0,10.0,192.0,202.0,10.0,1,180.7,2.7253121467746384,0.0
52.40507094771068,22.04393756908005,27.383792822752707,360.0,370.0,10.0,1,181.48,6.326125895696575,1.0
46.0,131.0,21.0,351.0,361.0,10.0,0,186.12,4.981144282480262,0.0
46.0,40.0,15.0,262.0,272.0,10.0,0,199.95,4.29588870479738,0.0
154.0,184.0,36.0,328.0,338.0,10.0,0,202.3,3.800285098566952,0.0
99.14481034037057,190.14305934312262,7.346358538806893,364.0,374.0,10.0,0,203.83,5.53891603727611,1.0
31.0,63.0,11.0,316.0,326.0,10.0,0,213.41,2.951485994819482,0.0
35.0,9.0,29.0,240.0,250.0,10.0,0,216.74,8.790128975154465,0.0
168.0,58.0,29.0,232.0,242.0,10.0,0,219.11,5.680009129801443,0.0
88.80337374740978,32.72339014390664,15.511630735898418,350.0,360.0,10.0,1,229.64,6.25285673877663,1.0
28.35395152421841,156.68214216109283,16.625026583496453,374.0,384.0,10.0,0,235.5,3.8984274843791846,1.0
84.0,180.0,12.0,371.0,381.0,10.0,0,240.81,1.0225627281230971,0.0
165.59954761626446,76.40722127901195,37.7906014868684,272.0,282.0,10.0,0,244.56,12.505225892370605,1.0
155.57405430039648,103.72156720068158,22.231296809985338,383.0,393.0,10.0,0,247.71,6.168164401504692,1.0
103.2650791383243,71.1446875105974,15.029746339708902,326.0,336.0,10.0,0,252.43,7.671274887832134,1.0
185.52466164732493,72.47037337464222,7.057096901991649,297.0,307.0,10.0,1,258.77,2.9655223002412914,1.0
37.0,177.0,21.0,432.0,442.0,10.0,0,268.89,7.799049001765047,0.0
150.512991132718,3.975922752204823,26.9157339017951,350.0,360.0,10.0,0,273.76,22.123436402735337,1.0
121.0,48.0,17.0,293.0,303.0,10.0,0,275.75,2.8469583631092323,0.0
71.08546769760038,147.2373190624701,11.438712322081939,402.0,412.0,10.0,1,276.57,7.728258284947597,1.0
29.846529616304526,94.73045459911835,40.96564817245438,437.0,447.0,10.0,0,289.0,8.131614464276124,1.0
23.0,176.0,20.0,363.0,373.0,10.0,0,290.46,6.155330323445433,0.0
77.0,119.0,17.0,370.0,380.0,10.0,0,293.24,1.306238579845203,0.0
186.9525472284684,38.19569089065936,46.496194174658655,387.0,397.0,10.0,0,293.65,5.222772467378501,1.0
174.0,194.0,8.0,472.0,482.0,10.0,1,300.58,9.066954065385566,0.0
152.8299187522982,23.593818912792862,45.105409110051006,384.0,394.0,10.0,1,302.52,2.3118483496628772,1.0
142.0,60.0,13.0,423.0,433.0,10.0,0,305.37,2.6934714368583887,0.0
130.0,55.0,28.0,432.0,442.0,10.0,0,308.0,6.279906107441928,0.0
159.51850100300274,96.32475401881146,31.562669622275195,431.0,441.0,10.0,0,308.06,6.320184837923419,1.0
177.0,134.0,26.0,336.0,346.0,10.0,0,313.82,1.3657854942305314,0.0
42.0,165.0,22.0,393.0,403.0,10.0,0,343.68,7.500346224976946,0.0
63.0,44.0,14.0,510.0,520.0,10.0,0,348.73,2.34203850987313,0.0
45.93290327751312,125.45312913661797,5.674609946109786,487.0,497.0,10.0,1,360.98,6.197085405871337,1.0
139.0,158.0,9.0,488.0,498.0,10.0,1,374.11,1.8083125599026322,0.0
197.97196199826922,131.19486908318515,19.460449184879757,481.0,491.0,10.0,0,381.59,3.9841073385735024,1.0
151.0,180.0,14.0,565.0,575.0,10.0,0,385.23,1.0763404747244956,0.0
86.0,150.0,22.0,499.0,509.0,10.0,0,398.36,2.40662730029091,0.0
26.0,197.0,17.0,581.0,591.0,10.0,0,403.57,2.929820480675816,0.0
179.0,95.0,19.0,485.0,495.0,10.0,0,415.23,6.702652725654163,0.0
158.0,81.0,23.0,519.0,529.0,10.0,0,432.74,9.378415061681249,0.0
41.579852957681574,83.65929675746817,36.791179148789126,551.0,561.0,10.0,1,449.55,7.939452279864945,1.0
86.0,110.0,18.0,549.0,559.0,10.0,0,449.71,3.927365748025289,0.0
190.78577856245343,12.664878642281307,5.887311383411648,594.0,604.0,10.0,0,455.89,9.214258012754245,1.0
38.618095685469754,149.71244582243543,41.09414817412217,602.0,612.0,10.0,0,459.69,4.936414737676419,1.0
103.14912721122744,79.47374034258716,1.9882588977687217,608.0,618.0,10.0,0,461.24,9.53210840368396,1.0
68.0,191.0,15.0,542.0,552.0,10.0,0,482.96,4.155622674003385,0.0
28.0,187.0,16.0,509.0,519.0,10.0,0,497.29,3.6880567123846575,0.0
101.98470306740292,23.93342105747756,8.690036802545976,517.0,527.0,10.0,0,511.05,1.0484650771900677,1.0
113.0,14.0,20.0,564.0,574.0,10.0,0,516.25,8.761330887126988,0.0
56.0,90.0,15.0,539.0,549.0,10.0,0,535.53,2.771840542841445,0.0
42.0,148.0,14.0,603.0,613.0,10.0,0,573.96,5.347655706576523,0.0
13.0,139.0,34.0,682.0,692.0,10.0,0,651.21,4.4815694274409665,0.0
